5980,시나몬스틱
5980,월계수잎
5980,클로브
5980,타임
5980,후추
5980,꿀
5980,우유
5980,양파
5980,당근
5980,샐러리
5980,단호박
5979,깨
5979,소금
5979,설탕
5979,후추
5979,굴소스
5979,고추기름
5979,베이컨
5979,양파
5979,파
5979,청양고추
5979,마늘
5979,팽이버섯
5978,꿀
5978,기름
5978,마늘
5978,고추
5978,라임즙
5978,피쉬소스
5977,참기름
5977,소주
5977,후추
5977,월계수잎
5977,다시마
5977,물엿
5977,매실액
5977,설탕
5977,진간장
5977,육수
5977,꽈리고추
5977,생강
5977,마늘
5977,양파
5977,대파
5977,메추리알
5977,소고기양지
5976,후추
5976,소금
5976,오레가노
5976,바질
5976,꿀
5976,마늘
5976,레몬즙
5976,올리브유
5976,페타치즈
5976,아보카도
5976,적양파
5976,파프리카
5976,토마토
5976,상추
5976,연어
5975,후추
5975,소금
5975,감자
5975,칠리소스
5975,발사믹크림
5975,할라피뇨
5975,마늘
5975,간장
5975,닭
5974,올리브유
5974,오레가노
5974,바질
5974,드라이타임
5974,월계수잎
5974,액상치킨스탁
5974,꿀
5974,소금
5974,샐러리
5974,양파
5974,마늘
5974,토마토
5973,통깨
5973,참기름
5973,흑설탕
5973,맛술
5973,물엿
5973,춘장
5973,진간장
5973,부추
5973,청양고추
5973,페페론치노
5973,마늘
5973,닭
5972,청양고추
5972,깨
5972,마늘
5972,설탕
5972,고추가루
5972,진간장
5972,해물다시팩
5972,마늘
5972,소금
5972,국간장
5972,쪽파
5972,계란
5972,순두부
5971,설탕
5971,올리고당
5971,식용유
5971,고구마
5970,파프리카
5970,마요네즈
5970,맛살
5970,깻잎
5970,참치
5970,계란
5970,치즈
5970,당근
5970,오이
5970,김
5969,후추
5969,레몬즙
5969,귤청
5969,마늘
5969,소금
5969,꿀
5969,올리브유
5969,크림치즈
5969,바게트
5969,스트링치즈
5969,블루베리
5969,어린잎채소
5969,딸기
5968,검은깨
5968,후추
5968,감자전분
5968,올리고당
5968,진간장
5968,대파
5968,홍고추
5968,청양고추
5968,마늘
5968,두부
5968,스팸
5967,고추가루
5967,매실액
5967,간장
5967,식초
5967,고추장
5967,참깨
5967,계란
5967,쫄면
5967,오이
5967,당근
5967,깻잎
5967,양배추
5967,양파
5967,콩나물
5966,매실액
5966,식초
5966,액젓
5966,배
5966,고추가루
5966,홍고추
5966,청양고추
5966,쪽파
5966,미나리
5966,무
5966,생굴
5966,설탕
5966,청주
5966,맛술
5966,월계수잎
5966,생강
5966,후추
5966,마늘
5966,커피
5966,사과
5966,된장
5966,대파
5966,양파
5966,삼겹살
5965,소금
5965,대파
5965,체다치즈
5965,스트링치즈
5965,계란
5964,로즈마리
5964,소금
5964,올리브유
5964,짜파게티
5964,소면/라면
5964,채끝살
5963,꿀
5963,무
5962,올리브유
5962,후추
5962,마늘
5962,올리고당
5962,소금
5962,쯔유
5962,닭다리
5961,마늘
5961,맛술
5961,올리고당
5961,간장
5961,굴소스
5961,참기름
5961,파프리카
5961,표고버섯
5961,대파
5961,양파
5961,당근
5961,소고기
5961,가래떡
5960,후추
5960,소금
5960,국간장
5960,마늘
5960,건새우
5960,멸치
5960,다시마
5960,청경채
5960,건고추
5960,청양고추
5960,무
5960,양파
5960,대파
5960,종합어묵팩
5959,후추
5959,참기름
5959,맛술
5959,물엿
5959,설탕
5959,진간장
5959,생강
5959,마늘
5959,사과
5959,배
5959,LA갈비
5958,파슬리
5958,후추
5958,소금
5958,우유
5958,버터
5958,체다치즈
5958,청양고추
5958,대파
5958,베이컨
5958,파프리카
5958,양송이버섯
5957,후추
5957,청주
5957,물엿
5957,설탕
5957,소금
5957,굴소스
5957,생강즙
5957,고추장
5957,고추가루
5957,마늘
5957,양조간장
5957,오이고추
5957,대파
5957,닭순살
5956,잣
5956,후추
5956,황설탕
5956,대추
5956,생강
5956,배
5955,식용색소
5955,설탕
5955,한천가루
5954,후추
5954,마늘
5954,올리고당
5954,맛술
5954,깻잎
5954,풋고추
5954,밀가루
5954,계란
5954,당근
5954,쪽파
5954,두부
5954,돼지고기
5954,소고기
5953,후추
5953,검은깨
5953,생강즙
5953,참기름
5953,감자전분
5953,마늘
5953,맛술
5953,물엿
5953,진간장
5953,홍고추
5953,청양고추
5953,두부
5952,맛술
5952,소금
5952,가쓰오부시
5952,새우
5952,대파
5952,계란
5951,소금
5951,후추
5951,돈까스소스
5951,밀가루
5951,빵가루
5951,계란
5951,양배추
5951,돼지고기등심
5950,고추가루
5950,마늘
5950,생강
5950,고사리
5950,표고버섯
5950,느타리버섯
5950,대파
5950,계란
5950,소고기(불고기용)
5950,식용유
5950,참기름
5950,후추
5950,꽃소금
5950,국간장
5949,멸치가루
5949,고추가루
5949,설탕
5949,소금
5949,대파
5949,양파
5949,두부
5949,사골육수
5949,돼지고기앞다리살
5949,김치
5947,멸치육수
5947,마늘
5947,양파
5947,대파
5947,감자
5947,소금
5947,부침가루
5947,밀가루
5947,고추장
5947,고추가루
5947,애호박
5947,배추
5946,레드와인
5946,소금
5946,후추
5946,마늘
5946,버터
5946,우유
5946,생크림
5946,양송이버섯
5946,닭가슴살
5945,소금
5945,국간장
5945,마늘
5945,해물다시팩
5945,계란
5945,대파
5945,굴
5945,떡국떡
5944,양파
5944,청양고추
5944,식초
5944,매실청
5944,올리고당
5944,진간장
5944,소금
5944,국간장
5944,파뿌리
5944,무
5944,해물다시팩
5944,느타리버섯
5944,팽이버섯
5944,표고버섯
5944,소고기 샤브샤브용
5944,깻잎
5944,알배추
5943,전분
5943,계란
5943,돼지고기목살
5943,오이
5943,춘장
5943,양배추
5943,대파
5943,감자
5943,양파
5943,중화면
5942,당근
5942,대파
5942,돼지고기앞다리살
5942,숙주나물
5942,양배추
5942,돈코츠라멘
5941,바게트
5941,계란
5941,통베이컨
5940,고추
5940,양파
5940,방울토마토
5940,파프리카
5940,양상추
5940,칠리소스
5940,레몬즙
5940,올리고당
5940,돼지고기
5940,또띠아
5939,버터 무염
5939,소금
5939,진간장
5939,계란
5938,후추
5938,소금
5938,카레가루
5938,마늘
5938,설탕
5938,레몬즙
5938,닭껍질
5938,식초
5938,진간장
5938,청양고추
5938,풋고추
5938,튀김가루
5938,어린잎채소
5938,양상추
5937,소금
5937,부침가루
5937,청양고추
5937,칵테일새우
5937,부추
5936,후추
5936,설탕
5936,맛술
5936,진간장
5936,생강
5936,청양고추
5936,양파
5936,대파
5936,연어
5935,버터
5935,소금
5935,아스파라거스
5935,베이컨
5934,올리브유
5934,마늘
5934,레몬즙
5934,발사믹식초
5934,설탕
5934,진간장
5934,메추리알
5934,캔옥수수
5934,베이컨
5934,새싹채소
5934,스파게티면
5933,소금
5933,찹쌀가루
5933,팥가루
5932,후추
5932,소금
5932,페페론치노
5932,올리브유
5932,마늘
5932,칵테일새우
5929,계란
5929,식용유
5929,김치
5924,청양고추
5924,대파
5924,콩나물
5915,버터
5915,소금
5915,진간장
5915,계란
5914,소금
5914,파
5914,스트링치즈
5914,체다치즈
5914,계란
5913,참기름
5913,마늘
5913,국간장
5913,소금
5913,후추
5913,파
5913,무
5913,소고기
5912,된장
5912,고추가루
5912,후추
5912,마늘
5912,국간장
5912,청양고추
5912,파
5912,두부
5912,김치
5912,돼지고기앞다리살
5911,마늘
5911,해물다시팩
5911,국간장
5911,맛소금
5911,청양고추
5911,대파
5911,콩나물
5910,후추
5910,참기름
5910,설탕
5910,마늘
5910,진간장
5910,깨
5910,파
5910,고추장
5910,해물다시팩육수
5910,소고기
5909,설탕
5909,식초
5909,진간장
5909,청양고추
5909,양파
5908,소금
5908,마늘
5908,계란
5908,두부
5907,올리브유
5907,후추
5907,마늘
5907,올리고당
5907,소금
5907,쯔유
5907,닭다리
5900,간장
5900,후추
5900,오징어
5899,다시마
5899,양파
5899,국물용멸치
5899,밴댕이
5899,통깨
5899,대파
5899,마늘
5899,국간장
5899,양조간장
5899,김
5899,계란
5899,오이
5899,신김치
5899,도토리묵
5898,코코볼
5898,롯데샌드
5898,휘핑크림
5898,빠삐코바
5897,빵가루
5897,계란
5897,키스틱크림치즈롤
5897,식빵
5896,베이컨
5896,키스틱체다치즈
5894,요거트
5894,쨈
5894,치즈
5894,식빵
5893,올리브유
5893,베이컨
5893,페페론치노
5893,소금
5893,파마산치즈
5893,파슬리
5893,후추
5893,마늘
5893,양파
5893,파스타면
5892,쌀밥
5892,고추가루
5892,양념간장
5892,꼬막
5891,기름
5891,청양고추
5891,튀김가루
5891,고구마
5890,참기름
5890,마늘
5890,국거리소고기
5890,미역
5889,쇠고기다시다
5889,양파
5889,된장
5889,감자
5888,소금
5888,양파
5888,파프리카
5888,케첩
5888,비엔나소시지
5887,설탕
5887,밀가루
5885,계란
5885,양배추
5885,밀가루
5885,빵가루
5885,소고기 채끝살
5884,양상추
5884,미림
5884,쯔유
5884,소금
5884,설탕
5884,식초
5884,양파
5884,연어
5883,얼음
5883,바닐라아이스크림
5883,에스프레소
5883,빙수팥
5883,아맛나콘
5882,콩가루
5882,팥
5882,찹쌀떡
5882,우유얼음
5882,콘아이스크림
5881,토핑
5881,초코시럽
5881,시리얼토핑
5881,바닐라아이스크림
5881,에스프레소
5881,우유얼음
5881,아이스크림
5880,토핑
5880,초콜릿
5880,휘핑크림
5880,우유얼음
5880,에스프레소
5880,아이스크림
5878,통깨
5878,후추
5878,진간장
5878,굴소스
5878,설탕
5878,고추가루
5878,식용유
5878,들기름
5878,계란
5878,쪽파
5878,대패삼겹살
5878,묵은지
5877,깨소금
5877,사과식초
5877,올리고당
5877,매실청
5877,마늘
5877,고추장
5877,고추가루
5877,양조간장
5877,참깨
5877,참기름
5877,청양고추
5877,오이
5877,소면/라면
5877,묵은김치
5876,후추
5876,참기름
5876,생강즙
5876,카레가루
5876,요리당
5876,고추가루
5876,고추장
5876,진간장
5876,진간장
5876,맛술
5876,마늘
5876,청양고추
5876,사과
5876,대파
5876,양파
5876,식용유
5876,돼지고기앞다리살
5875,콩기름
5875,밀가루
5875,부침가루
5875,고추가루
5875,청양고추
5875,대파
5875,계란
5875,김치
5874,식용유
5874,밀가루
5874,부침가루
5874,고추가루
5874,청양고추
5874,대파
5874,계란
5874,김치
5873,휘핑크림
5873,얼음
5873,돼지바
5873,크런치초콜릿
5873,우유
5872,초콜릿
5872,바나나
5869,김
5869,참기름
5869,스팸
5868,라면스프
5868,고추장
5868,소면/라면
5868,당면
5868,떡사리
5868,김치
5868,콩나물
5868,소시지
5868,햄
5867,양파
5867,새우
5867,파프리카
5867,피자치즈
5867,옥수수콘
5867,피자소스
5867,또띠아
5867,햄
5867,김치
5866,양파
5866,파프리카
5866,무순
5866,쌈무
5866,오리고기
5866,햄
5862,플레인요거트
5862,그래놀라 시리얼
5861,꿀
5861,민트초코콘
5861,딸기
5861,휘핑크림
5861,바나나
5861,핫케이크
5860,초코과자
5860,휘핑크림
5860,얼음
5860,우유
5860,민트초코콘
5859,바나나
5859,귤
5859,골드키위
5859,딸기
5859,사과
5859,석류
5859,체리
5859,플레인요거트
5858,베이컨
5858,양파
5858,생크림
5858,우유
5858,카레가루
5858,우동면
5858,감자
5857,파마산치즈가루
5857,생크림
5857,우유
5857,파프리카
5857,마늘
5857,양파
5857,파스타면
5857,차돌박이
5856,굴소스
5856,대파
5856,참기름
5856,고추가루
5856,물엿
5856,설탕
5856,양조간장
5856,고추기름
5856,떡볶이떡
5856,도토리묵
5855,사과
5855,청포도
5855,식빵
5855,키스틱
5854,과자
5854,우유
5854,국화빵통팥
5849,파슬리
5849,버터
5849,소금
5849,꿀
5849,감자
5846,케일가루
5846,브로콜리가루
5846,바나나
5843,연유
5843,우유
5843,레몬즙
5843,설탕
5843,토마토
5842,후추
5842,맛술
5842,설탕
5842,굴소스
5842,간장
5842,올리브유
5842,쪽파
5842,청양고추
5842,마늘
5842,차돌박이
5842,소금
5842,스파게티면
5841,후추
5841,참기름
5841,피망
5841,참치
5840,올리브유
5840,후추
5840,소금
5840,토마토소스
5840,참치
5840,양파
5840,라자냐
5839,허브
5839,라즈베리청
5839,냉동망고
5839,바닐라빈
5839,설탕
5839,휘핑크림
5839,우유
5838,설탕
5838,깨
5838,고추가루
5838,참기름
5838,간장
5838,소면/라면
5837,파슬리
5837,후추
5837,소금
5837,설탕
5837,계란
5837,식빵
5836,후추
5836,소금
5836,올리브유
5836,방울토마토
5836,파마산치즈가루
5836,어린잎
5836,토마토소스
5836,가지
5835,고메버터
5835,팥양갱
5835,빠다코코낫
5834,마늘
5834,양파
5834,배즙
5834,매실청
5834,설탕
5834,식초
5834,간장
5834,고추장
5834,고추가루
5834,참기름
5834,깨
5834,계란
5834,배
5834,오이
5834,수박
5833,굴소스
5833,간장
5833,참기름
5833,후추
5833,생강
5833,마늘
5833,설탕
5833,맛술
5833,진간장
5833,고추가루
5833,고추장
5833,닭
5830,올리브유
5830,생크림
5830,우유
5830,파슬리
5830,타임
5830,버터
5830,콜리플라워
5830,계란
5830,빵가루
5830,밀가루
5830,후추
5830,소금
5830,간장
5830,식용유
5830,체다치즈
5830,베이컨
5830,피망
5830,당근
5830,감자
5830,마늘
5830,양파
5829,식용유
5829,감자전분
5829,후추
5829,소금
5829,계란
5829,식빵
5829,새우
5828,파슬리
5828,후추
5828,소금
5828,버터
5828,우유
5828,파마산치즈
5828,양파
5828,감자
5828,계란
5826,버터
5826,색소
5826,피자치즈
5826,식빵
5825,치킨스톡
5825,참기름
5825,설탕
5825,고추기름
5825,굴소스
5825,두반장
5825,고추장
5825,땅콩버터
5825,무순
5825,아몬드슬
5825,오이
5825,양파
5825,생면
5824,크림치즈
5824,블루베리잼
5824,식빵
5823,대파
5823,계란
5823,설탕
5823,맛술
5823,간장
5823,양파
5823,스팸
5822,올리브유
5822,후추
5822,소금
5822,로즈마리
5822,화이트와인
5822,레몬
5822,밀가루
5822,버터
5822,양파
5822,닭가슴살
5821,꿀
5821,설탕
5821,레몬즙
5821,수박
5819,소금
5819,얼음
5819,설탕
5819,수박
5818,발사믹크림
5818,후추
5818,적양파
5818,베이컨
5818,루꼴라
5818,계란
5818,계란
5818,크레페믹스가루
5817,식용유
5817,마늘
5817,고추가루
5817,대파
5817,청양고추
5817,참치
5817,소면/라면
5816,설탕
5816,올리고당
5816,통베이컨
5815,굵은소금
5815,미림
5815,레몬즙
5815,사과식초
5815,백설탕
5815,황설탕
5815,국간장
5815,마늘
5815,무
5815,감초
5815,생강
5815,양파
5815,대파
5815,양지머리
5815,육수
5815,깨소금
5815,오이
5815,계란
5815,냉면 면
5813,미림
5813,물엿
5813,매실액
5813,마늘
5813,간장
5813,고추장
5813,고추가루
5813,양파
5813,파
5813,베이컨
5813,후추
5813,소금
5813,청주
5813,닭날개
5812,고추가루
5812,마늘
5812,소금
5812,새우젓
5812,청양고추
5812,대파
5812,무
5812,콩나물
5811,참기름
5811,후추
5811,마늘
5811,고추장
5811,굴소스
5811,간장
5811,설탕
5811,맛술
5811,고추가루
5811,고추가루
5811,돼지고기
5811,가지
5811,대파
5811,떡국떡
5810,통깨
5810,식용유
5810,간장
5810,설탕
5810,올리고당
5810,마늘
5810,대파
5810,양파
5810,고추장
5810,돼지고기
5809,올리브유
5809,샤프란
5809,파프리카
5809,강황가루
5809,파슬리
5809,레몬
5809,오징어몸통
5809,바지락/모시조개
5809,홍새우
5809,마늘
5809,양파
5809,방울토마토
5809,토마토
5809,새송이버섯
5809,애호박
5809,닭다리
5809,쌀
5808,대파
5808,건새우
5808,말린 멸치
5808,건다시마
5808,육수
5808,고추가루
5808,대파
5808,쑥갓
5808,짜장분말
5808,우동면
5807,아이스티분말
5807,얼음
5807,레몬즙
5807,백설탕
5807,천도복숭아
5806,김
5806,계란
5806,어린잎
5806,순살양념꽃게장
5805,파마산치즈
5805,고추가루
5805,마요네즈
5805,꿀
5805,버터
5805,옥수수
5804,설탕
5804,설탕
5804,생크림
5804,우유
5804,청포도
5802,깨
5802,쪽파
5802,참기름
5802,올리고당
5802,설탕
5802,간장
5802,소금
5802,식초
5802,계란
5801,참기름
5801,마요네즈
5801,마늘
5801,식초
5801,설탕
5801,게맛살
5801,소금
5801,양파
5801,오이
5800,동치미국물
5800,소면/라면
5800,적채
5800,방울토마토
5800,치커리
5800,계란
5799,식용유
5799,빵가루
5799,계란
5799,밀가루
5799,메로나
5798,식용유
5798,참기름
5798,후추
5798,생강
5798,마늘
5798,설탕
5798,진간장
5798,고추가루
5798,고추장
5798,청양고추
5798,대파
5798,양파
5798,오돌뼈
5797,생강초절임
5797,참깨
5797,올리브유
5797,참기름
5797,후추
5797,소금
5797,치킨파우더
5797,새우
5797,베이컨
5797,파
5797,설탕
5797,케첩
5797,돈까스소스
5797,맛술
5797,간장
5797,식용유
5797,소시지
5797,양파
5797,버터
5797,로메인
5797,양배추
5797,핫도그빵
5797,야키소바면
5796,계란
5796,밀가루
5796,스트링치즈
5796,슬라이스치즈
5796,식빵
5795,식용유
5795,초코시럽
5795,딸기
5795,바나나
5795,아이스크림
5795,호떡
5794,계란
5794,깨
5794,참기름
5794,꿀
5794,쯔유
5794,김자반
5794,쪽파
5794,날치알
5794,우동면
5793,레몬즙
5793,유자청
5793,백설탕
5793,간장
5793,유자폰즈
5793,소금
5793,콩물
5793,육수멸치
5793,건다시마
5793,양파
5793,대파
5793,육수
5793,청양고추
5793,숙주나물
5793,부추
5793,양파
5793,알 배추
5793,차돌박이
5792,고추가루
5792,짜장분말
5792,국물용 새우
5792,육수멸치
5792,양파
5792,대파
5792,짜장육수
5792,청양고추
5792,양파
5792,양배추
5792,냉동만두
5792,소면/라면
5792,떡볶이떡
5791,액젓
5791,간장
5791,마늘
5791,소금
5791,고추가루
5791,고추장
5791,참기름
5791,시금치
5791,팽이버섯
5791,청양고추
5791,대파
5791,양파
5791,당면
5791,돼지고기
5790,설탕
5790,매실
5789,후추
5789,마늘
5789,설탕
5789,국간장
5789,고추가루
5789,멸치육수
5789,고추
5789,대파
5789,양파
5789,삼겹살
5789,김치
5788,통깨
5788,참기름
5788,양조간장
5788,마늘
5788,밴댕이
5788,국물용멸치
5788,올리브유
5788,무청
5788,묵은지
5787,후추
5787,마늘
5787,맛술
5787,간장
5787,물엿
5787,고추가루
5787,고추장
5787,대파
5787,청양고추
5787,미니족발
5786,스트링치즈
5786,식용유
5786,양파
5786,베이컨
5786,김치
5786,라자냐
5785,고추가루
5785,면수
5785,식용유
5785,스팸
5785,쪽파
5785,고추
5785,양송이
5785,양파
5785,페투치니
5784,피클
5784,사워크림
5784,마요네즈
5784,후추
5784,소금
5784,양상추
5784,로메인
5784,양파
5784,토마토
5784,체다치즈
5784,베이컨
5784,아보카도
5784,가염버터
5784,양지
5784,목살
5784,버거번
5783,참기름
5783,참깨
5783,실파
5783,마늘
5783,고추가루
5783,간장
5783,감자
5783,불린쌀
5782,소금
5782,후추
5782,마늘
5782,국간장
5782,고형 치킨스톡
5782,국물용멸치
5782,표고버섯
5782,말린고추
5782,대파
5782,쑥갓
5782,떡국떡
5782,새우딤섬
5781,후추
5781,맛술
5781,마늘
5781,굴소스
5781,흑설탕
5781,칠리소스
5781,마요네즈
5781,양파
5781,오이
5781,돼지고기
5781,오트밀 바게트
5780,무순
5780,김
5780,명란젓갈
5780,백설탕
5780,소금
5780,우유
5780,콩물
5780,파스타면
5779,깨소금
5779,참기름
5779,식초
5779,레몬즙
5779,백설탕
5779,진간장
5779,통깨
5779,우삼겹
5779,오이
5779,게맛살
5779,양파
5779,소면/라면
5778,케이퍼
5778,어린잎채소
5778,양파
5778,홀스래디쉬소스
5778,크림치즈
5778,훈제연어
5776,후추
5776,소금
5776,빵가루
5776,마늘
5776,양파
5776,돼지고기
5776,소고기
5775,핫소스
5775,케첩
5775,올리고당
5775,간장
5775,설탕
5775,고추장
5775,파슬리
5775,소금
5775,후추
5775,설탕
5775,마요네즈
5775,피망
5775,양파
5775,소시지
5775,캔옥수수
5773,파슬리
5773,후추
5773,소금
5773,체다치즈
5773,우유
5773,밀가루
5773,버터
5773,베이컨
5773,마카로니
5772,올리고당
5772,마늘
5772,간장
5772,케첩
5772,고추장
5772,식용유
5772,튀김가루
5772,밀가루
5772,순대
5771,고추가루
5771,마늘
5771,된장
5771,청양고추
5771,대파
5771,아욱
5771,다시마
5771,멸치
5770,레몬즙
5770,꿀
5770,체리
5770,블루베리
5769,실파
5769,후추
5769,맛술
5769,참기름
5769,물엿
5769,설탕
5769,간장
5769,녹차가루
5769,파
5769,마늘
5769,돼지고기목살
5767,다시마
5767,후추
5767,소금
5767,마늘
5767,고추가루
5767,청양고추
5767,대파
5767,양파
5767,번데기
5766,팽이버섯
5766,새송이버섯
5766,느타리버섯
5766,굴
5765,후추
5765,마늘
5765,소금
5765,고추
5765,쪽파
5765,팽이버섯
5765,양파
5765,삼계탕한방팩
5765,낙지
5765,닭
5764,소금
5764,마요네즈
5764,플레인요거트
5764,크림치즈
5764,크림치즈소스
5764,토마토케첩
5764,버터
5764,핫소스
5764,후추
5764,소금
5764,미림
5764,셀러리
5764,닭날개
5763,식초
5763,미림
5763,백설탕
5763,쯔유
5763,육수
5763,통깨
5763,대파
5763,오이
5763,계란
5763,실곤약
5759,간장
5759,올리고당
5759,설탕
5759,고추가루
5759,고추장
5759,피자치즈
5759,당근
5759,양배추
5759,양파
5759,대파
5759,어묵
5759,중국당면
5758,고추가루
5758,대파
5758,양파
5758,식용유
5757,참기름
5757,깨소금
5757,올리고당
5757,설탕
5757,식초
5757,마늘
5757,간장
5757,고추가루
5757,고추장
5757,김
5757,양배추
5757,양파
5757,오이
5757,칼국수
5756,계란
5756,후추
5756,소금
5756,식용유
5756,빵가루
5756,당근
5756,캔옥수수
5756,스트링치즈
5756,단호박
5755,후추
5755,소금
5755,식용유
5755,자색고구마
5754,파슬리
5754,피자치즈
5754,슬라이스치즈
5754,식용유
5754,베이컨
5754,감자튀김
5753,깨
5753,쪽파
5753,후추
5753,참기름
5753,설탕
5753,간장
5753,마늘
5753,고추가루
5753,고추장
5753,고등어
5752,후추
5752,참기름
5752,물엿
5752,생강즙
5752,청주
5752,맛술
5752,간장
5752,흑설탕
5752,고추
5752,닭가슴살
5752,마늘
5752,쥬키니호박
5752,꽈리고추
5751,꿀
5751,탄산수
5751,얼음
5751,라임
5751,자몽
5751,레몬
5751,애플민트
5750,청양고추
5750,설탕
5750,식초
5750,간장
5750,고추가루
5750,식용유
5750,후추
5750,소금
5750,계란
5750,밀가루
5750,양파
5750,돼지고기등심
5749,파랑색소
5749,빨강색소
5749,소금
5749,바닐라익스트랙
5749,베이킹파우더
5749,설탕
5749,버터
5749,박력분
5748,또띠아
5748,라임
5748,고수
5748,양파
5748,청양고추
5748,토마토
5748,식초
5748,후추
5748,소금
5748,오레가노
5748,큐민가루
5748,고추가루
5748,마늘
5748,양파
5748,통조림파인애플
5748,돼지고기앞다리살
5747,통깨
5747,사이다
5747,매실액
5747,식초
5747,고추가루
5747,백설탕
5747,고추장
5747,냉면양념장
5747,소금
5747,백설탕
5747,배
5747,마늘
5747,후추
5747,참기름
5747,소금
5747,백설탕
5747,육회용고기
5747,육회
5747,계란
5747,오이
5747,무쌈
5747,냉면육수
5747,냉면 면
5746,마늘
5746,미림
5746,깨소금
5746,참기름
5746,소금
5746,진간장
5746,참소스
5746,간장소스
5746,통깨
5746,고추가루
5746,대파
5746,계란
5746,대패삼겹살
5743,대구 수제직화막창
5743,대구 시골 생막창
5742,소금
5742,소금
5742,참기름
5742,오이
5742,당근
5742,우엉
5742,단무지
5742,햄
5742,계란
5742,김밥김
5741,후추
5741,참기름
5741,설탕
5741,맛술
5741,간장
5741,마늘
5741,고추가루
5741,고추장
5741,식용유
5741,청양고추
5741,대파
5741,마늘
5741,소주
5741,월계수잎
5741,무뼈닭발
5740,참기름
5740,설탕
5740,맛술
5740,생강
5740,마늘
5740,간장
5740,고추가루
5740,묵은지
5740,키조개관자
5740,낙지
5740,새우
5740,대파
5740,깻잎
5740,양배추
5740,미니새송이
5740,양파
5740,대패삼겹살
5738,검은깨
5738,식용유
5738,물엿
5738,설탕
5738,고구마
5737,굴소스
5737,피시소스
5737,진간장
5737,설탕
5737,계란
5737,생강
5737,청양고추
5737,태국고추
5737,마늘
5737,민트
5737,바질
5737,쪽파
5737,양파
5737,돼지고기
5736,홀토마토
5736,차돌박이
5736,계란
5736,꼬꼬면
5735,라임
5735,오이
5735,당근
5735,깻잎
5735,상추
5735,자숙문어
5735,민어회
5734,무순
5734,양파
5734,오이
5734,당근
5734,깻잎
5734,바지락/모시조개
5733,게살
5733,후추
5733,마늘
5733,굴소스
5733,설탕
5733,간장
5733,고추가루
5733,맛술
5733,계란
5733,피망
5733,양파
5733,애호박
5733,돼지고기
5733,오징어
5732,냉면육수
5732,마늘
5732,식초
5732,간장
5732,고추장
5732,고추가루
5732,설탕
5732,키위
5732,참깨
5732,황태포
5732,메밀국수
5732,방울토마토
5732,쌈무
5732,오이
5731,파슬리
5731,파마산치즈
5731,체다치즈
5731,식빵
5731,청양고추
5731,떡갈비
5731,만두
5731,가래떡
5730,마늘
5730,백설탕
5730,소금
5730,멸치액젓
5730,국간장
5730,미림
5730,고추가루
5730,고추장
5730,대파
5730,양파
5730,애호박
5730,감자
5730,차돌박이
5729,깨소금
5729,소금
5729,참기름
5729,식초
5729,진간장
5729,고추가루
5729,참기름
5729,약고추장
5729,얼갈이
5729,부추
5729,계란
5729,백미
5729,보리쌀
5728,쪽파
5728,참기름
5728,물엿
5728,마늘
5728,설탕
5728,간장
5728,고추가루
5728,고추장
5728,고등어
5727,모닝빵
5727,후추
5727,설탕
5727,마요네즈
5727,양파
5727,햄
5727,올리고당
5727,소금
5727,버터
5727,슬라이스치즈
5727,후추
5727,소금
5727,우유
5727,감자
5725,식용유
5725,물엿
5725,간장
5725,고추가루
5725,고추장
5725,마늘
5725,양파
5725,대파
5725,당근
5725,대파
5725,양파
5725,닭
5724,물전분
5724,설탕
5724,식초
5724,레몬
5724,파프리카
5724,당근
5724,오이
5724,식용유
5724,전분
5724,두부
5723,상추
5723,오징어
5723,볼어묵
5723,김말이튀김
5722,멸치다시팩
5722,사골육수
5722,건칼국수면
5721,슈거파우더
5721,화이트와인
5721,황설탕
5721,누텔라
5721,바나나
5721,블루베리
5721,딸기
5721,또띠아
5720,참기름
5720,고추냉이
5720,생강
5720,마늘
5720,맛술
5720,간장
5720,소금
5720,버터
5720,잣
5720,대파
5720,김
5720,오이
5720,적양파
5720,아보카도
5720,생연어
5720,냉동참치
5720,마요네즈
5720,스리라차소스
5719,생강즙
5719,후추
5719,청주
5719,맛술
5719,마늘
5719,진간장
5719,국간장
5719,고추가루
5719,설탕
5719,갈치
5719,대파
5719,감자
5719,무
5718,소금
5718,식초
5718,연겨자
5718,포도씨유
5718,꿀
5718,꿀
5718,참기름
5718,후추
5718,참기름
5718,참깨
5718,청주
5718,간장
5718,매실액
5718,파마산치즈
5718,양파
5718,방울토마토
5718,치커리
5718,대파
5718,돼지고기
5718,소고기
5717,청양고추
5717,다시마
5717,설탕
5717,식초
5717,간장
5717,양파
5716,올리브유
5716,시판 발사믹 드레싱
5716,리코타치즈
5716,루꼴라
5716,청포도
5716,양상추
5715,얼음
5715,탄산수
5715,설탕시럽
5715,백설탕
5715,애플민트
5715,레몬 웻지
5715,오렌지 웻지
5715,라임
5714,고추가루
5714,식초
5714,간장
5714,후추
5714,소금
5714,밀가루
5714,계란
5714,두부
5714,쪽파
5714,미역
5713,파슬리
5713,후추
5713,소금
5713,올리브유
5713,슈레드 치즈
5713,토마토소스
5713,닭가슴살
5713,파프리카
5713,쥬키니호박
5712,설탕
5712,굴소스
5712,고추가루
5712,마늘
5712,청양고추
5712,대파
5712,양배추
5712,당근
5712,양파
5712,해물믹스
5712,군만두
5711,청양고추
5711,마늘
5711,생강
5711,양파
5711,대파
5711,다시마
5711,올리고당
5711,맛술
5711,간장
5711,쪽파
5711,김가루
5711,계란
5711,홍고추
5711,꼬마전복
5709,올리브유
5709,파마산치즈가루
5709,파슬리
5709,토마토소스
5709,토마토
5709,가지
5709,애호박
5708,참기름
5708,깨소금
5708,고추가루
5708,간장
5708,다시마물
5708,국간장
5708,들기름
5708,취나물
5708,불린쌀
5706,부추
5706,홍고추
5706,마늘
5706,라임
5706,식초
5706,설탕
5706,멸치액젓
5706,식용유
5706,굴소스
5706,탈각새우
5706,양파
5706,후추
5706,참기름
5706,마늘
5706,설탕
5706,간장
5706,삶은녹두
5706,부추
5706,소고기목심
5706,반쎄오가루
5705,민트잎
5705,그래놀라
5705,딸기
5705,자몽
5705,청사과
5705,후지사과
5704,깨
5704,삼계탕한방팩
5704,부추
5704,닭가슴살
5703,코코아파우더
5703,인스턴트커피
5703,레몬즙
5703,생크림
5703,설탕
5703,두부
5702,김
5702,참기름
5702,고추
5702,쌈장
5702,마늘
5702,삼겹살
5701,참기름
5701,소금
5701,후추
5701,설탕
5701,고추장
5701,간장
5701,깍두기국물
5701,햄
5701,깍두기
5700,아이스크림
5700,메이플시럽
5700,마스카포네치즈
5700,꿀
5700,시나몬가루
5700,버터
5700,바나나
5700,식빵
5699,파슬리
5699,후추
5699,바질
5699,백설탕
5699,고추가루
5699,토마토케첩
5699,올리브유
5699,마늘
5699,바지락/모시조개
5699,주꾸미
5699,양파
5699,토마토
5699,떡볶이떡
5698,가쓰오부시
5698,건다시마
5698,건멸치
5698,양파
5698,대파
5698,생강가루
5698,진간장
5698,쯔유
5698,미림
5698,육수
5698,고추냉이
5698,얼음
5698,레몬즙
5698,미림
5698,무순
5698,토마토
5698,무
5698,쪽파
5698,주꾸미
5698,새우
5698,메밀국수
5697,소금
5697,참깨
5697,간장
5697,설탕
5697,마늘
5697,고추가루
5697,참기름
5697,식용유
5697,양파
5697,부추
5697,쥬키니호박
5696,참기름
5696,청주
5696,후추
5696,고추장
5696,간장
5696,고추가루
5696,설탕
5696,대파
5696,양파
5696,마늘
5696,팽이버섯
5696,양배추
5696,판어묵
5696,오징어
5692,생강
5692,청주
5692,올리고당
5692,설탕
5692,간장
5692,다시마육수
5692,계란
5692,후추
5692,청주
5692,쪽파
5692,양파
5692,생강
5692,장어
5691,튀김가루
5691,식용유
5691,튀김가루
5691,두릅
5690,맥주
5690,올리브유
5690,후추
5690,소금
5690,황설탕
5690,파슬리
5690,마늘
5690,카레가루
5690,닭
5688,후추
5688,소금
5688,토마토소스
5688,피망
5688,양파
5688,소시지
5688,옥수수
5688,김
5687,후추
5687,소금
5687,다시마
5687,홍고추
5687,청양고추
5687,대파
5687,어묵
5687,모시조개
5687,백골뱅이
5686,생크림
5686,우유
5686,계란
5686,설탕
5686,버터
5686,밀가루
5686,딸기
5685,후추
5685,소금
5685,소주
5685,양파
5685,생강
5685,마늘
5685,미나리
5685,대파
5685,홍고추
5685,청양고추
5685,된장
5685,무
5685,바지락/모시조개
5685,생새우
5685,낙지
5684,올리브유
5684,후추
5684,소금
5684,방울토마토
5684,샐러드채소
5684,생참치
5683,미림
5683,넛맥 파우더
5683,월계수잎
5683,바질
5683,갈릭 파우더
5683,케이준파우더
5683,올리브유
5683,진간장
5683,말린고추
5683,후추
5683,소금
5683,스테이크용 고기
5682,버터
5682,레몬즙
5682,후추
5682,소금
5682,마늘
5682,마요네즈
5682,레몬
5682,생닭
5681,크림치즈
5681,사과
5681,오이
5681,슬라이스치즈
5681,버터식빵
5680,후추
5680,물엿
5680,맛술
5680,스테이크소스
5680,발사믹식초
5680,브로콜리
5680,당근
5680,피망
5680,양파
5680,소고기
5679,슬라이스치즈
5679,우유
5679,쌈장
5679,토마토
5679,양파
5679,로메인
5679,치아바타
5679,삼겹살
5677,소금
5677,후추
5677,토마토소스
5677,올리브유
5677,화이트와인
5677,청양고추
5677,마늘
5677,파프리카
5677,양파
5677,후추
5677,파프리카
5677,양파
5677,피자치즈
5677,파슬리
5677,마늘
5677,레몬즙
5677,올리고당
5677,마요네즈
5677,그린홍합
5676,마늘
5676,올리고당
5676,핫소스
5676,간장
5676,고추장
5676,케첩
5676,후추
5676,소금
5676,우유
5676,닭날개
5675,얼음
5675,맥주
5675,박력분
5675,식용유
5674,시나몬파우더
5674,물엿
5674,황설탕
5674,계란
5674,호두
5674,덧밀가루
5674,소금
5674,황설탕
5674,계란
5674,버터
5674,박력분
5673,올리브유
5673,소금
5673,계란
5673,케첩
5673,양송이버섯
5673,피망
5673,소시지
5673,양파
5673,스파게티면
5672,밀가루
5672,소금
5672,오이
5672,애호박
5672,계란
5672,당근
5672,양파
5672,후추
5672,참기름
5672,마늘
5672,파
5672,설탕
5672,간장
5671,녹인초코
5671,생크림
5671,딸기
5671,우유
5671,포도씨유
5671,설탕
5671,계란
5671,베이킹파우더
5671,코코아파우더
5671,박력분
5670,소금
5670,참기름
5670,김
5670,치즈
5670,마요네즈
5670,참치
5670,계란
5669,소금
5669,마늘
5669,플레인요거트
5669,후추
5669,소금
5669,고추가루
5669,마늘
5669,플레인요거트
5669,크림치즈
5669,소금
5669,밀가루
5669,맥주
5669,우유
5669,계란
5669,시금치
5668,올리브유
5668,계란
5668,크림치즈
5668,토마토
5668,양파
5668,훈제연어
5668,베이글
5667,양파
5667,두부
5667,스팸
5667,소시지
5667,만두
5665,치킨파우더
5665,치킨
5665,생강
5665,마늘
5665,케첩
5665,후추
5665,올리고당
5665,고추장
5664,김
5664,마늘
5664,생강
5664,후추
5664,미림
5664,고추장
5664,소고기
5663,올리고당
5663,설탕
5663,케첩
5663,간장
5663,고추장
5663,깨
5663,식용유
5663,꼬치
5663,떡
5661,후추
5661,토마토소스
5661,베이컨
5661,마늘
5661,양파
5661,숏파스타
5661,식빵
5660,후추
5660,올리고당
5660,백설탕
5660,토마토케첩
5660,스위트칠리소스
5660,백설탕
5660,떡볶이떡
5660,비엔나소시지
5659,블랙올리브
5659,양파
5659,후추
5659,발사믹식초
5659,소금
5659,올리브유
5659,피자치즈
5659,토마토소스
5659,피타브레드
5658,알프레도크림소스
5658,양파
5658,고추
5658,손질새우
5658,단호박
5657,치즈가루
5657,후추
5657,토마토소스
5657,페페론치노
5657,부추
5657,게맛살
5657,소금
5657,스파게티면
5656,참깨
5656,참기름
5656,마늘
5656,맛술
5656,물엿
5656,간장
5656,대파
5656,판어묵
5656,감자
5653,단무지
5653,오이
5653,무순
5653,와사비
5653,마요네즈
5653,날치알
5653,김
5653,게맛살
5652,캔옥수수
5652,드라이 이스트
5652,버터
5652,연유
5652,우유
5652,소금
5652,강력분
5650,참기름
5650,식초
5650,물엿
5650,설탕
5650,굴소스
5650,간장
5650,간마늘
5650,설탕
5650,물엿
5650,케첩
5650,간장
5650,고추장
5650,식용유
5650,후추
5650,소금
5650,마늘
5650,청주
5650,전분
5650,치킨파우더
5650,고구마
5650,닭똥집
5648,돼지고기
5648,묵은김치
5647,올리브유
5647,파슬리
5647,슬라이스체다치즈
5647,생크림
5647,우유
5647,후추
5647,소금
5647,청양고추
5647,마늘
5647,양송이버섯
5647,스파게티면
5645,식용유
5645,바질
5645,올리브
5645,토마토소스
5645,호떡믹스
5643,후추
5643,소금
5643,전분가루
5643,계란
5643,식초
5643,설탕
5643,간장
5643,굴소스
5643,청양고추
5643,건고추
5643,파
5643,고추기름
5643,가지
5642,물엿
5642,식용유
5642,청주
5642,맛술
5642,설탕
5642,진간장
5642,소금
5642,참기름
5642,식용유
5642,깻잎
5642,생강
5642,마늘
5642,부추
5642,당근
5642,양파
5642,풋고추
5642,홍고추
5642,표고버섯
5642,우엉
5642,양념장어
5641,로즈마리
5641,밀가루
5641,화이트와인
5641,생크림
5641,양파
5641,양송이버섯
5641,후추
5641,소금
5641,생크림
5641,버터
5641,식용유
5641,빵가루
5641,밀가루
5641,계란
5641,돼지고기등심
5640,칠리소스
5640,빵가루
5640,계란
5640,밀가루
5640,새우
5640,소금
5639,깨
5639,들기름
5639,미림
5639,간장
5639,파
5639,마늘
5639,건고구마나물
5638,양파즙
5638,배즙
5638,통깨
5638,쪽파
5638,설탕
5638,생강즙
5638,마늘
5638,고추가루
5638,새우젓
5638,까나리액젓
5638,천일염
5638,무
5637,굴소스
5637,식초
5637,백설탕
5637,진간장
5637,미림
5637,후추
5637,계란
5637,쌀밥
5637,토마토
5636,생크림
5636,플레인요거트
5636,식초
5636,레몬즙
5636,레몬껍질
5636,백설탕
5636,마요네즈
5636,양상추
5636,밀가루
5636,감자전분
5636,밀가루
5636,계란
5636,대하새우
5635,계피가루
5635,레몬즙
5635,황설탕
5635,사과
5634,후추
5634,소금
5634,간장
5634,마늘
5634,소시지
5634,브로콜리
5633,된장
5633,표고버섯
5633,고추
5633,바지락/모시조개
5633,부추
5632,빵가루
5632,튀김가루
5632,당근
5632,부추
5630,파채
5630,설탕
5630,간장
5630,식초
5630,마늘
5630,고추가루
5630,아귀포
5630,백골뱅이
5628,전분물
5628,식초
5628,설탕
5628,간장
5628,양파
5628,당근
5628,후추
5628,소금
5628,전분가루
5628,찹쌀가루
5628,돼지고기등심
5625,다시마
5625,멸치
5625,소금
5625,마늘
5625,액젓
5625,국간장
5625,청양고추
5625,대파
5625,콩나물
5624,참기름
5624,후추
5624,마늘
5624,설탕
5624,간장
5624,고추가루
5624,고추장
5624,들깨가루
5624,깻잎
5624,대파
5624,청양고추
5624,양파
5624,양배추
5624,당면
5624,순대
5623,깨
5623,참기름
5623,마늘
5623,파
5623,설탕
5623,매실청
5623,고추가루
5623,간장
5623,상추
5623,당근
5623,양파
5623,도토리묵
5622,애호박
5622,당근
5622,무
5622,표고버섯
5620,고추가루
5620,생강
5620,액젓
5620,소금
5620,간장
5620,계란
5620,식용유
5620,마늘
5620,쪽파
5620,토란대
5620,닭다리
5619,립
5619,마늘
5619,파
5619,고추가루
5619,미림
5619,간장
5619,고추장
5618,잣
5618,올리브유
5618,후추
5618,소금
5618,올리브유
5618,파마산치즈가루
5618,마늘
5618,미나리
5618,스파게티면
5617,후추
5617,우유
5617,청양고추
5617,올리고당
5617,마늘
5617,양념간장
5617,고추장
5617,고추가루
5617,대파
5617,당근
5617,감자
5617,닭
5616,후추
5616,슬라이스치즈
5616,우유
5616,치즈소스
5616,후추
5616,참기름
5616,진간장
5616,고추가루
5616,말린고추
5616,백설탕
5616,마늘
5616,고추장
5616,제육볶음양념
5616,대파
5616,양파
5616,제육볶음용고기
5615,백설탕
5615,레몬즙
5615,마요네즈
5615,마요네즈
5615,후추
5615,토마토
5615,슬라이스치즈
5615,양상추
5615,식빵
5611,소금
5611,국간장
5611,계란
5611,애호박
5611,무
5611,국물용멸치
5611,다시마
5611,돈까스
5611,소면/라면
5610,참깨
5610,참기름
5610,고추장
5610,식초
5610,마늘
5610,설탕
5610,당근
5610,양파
5610,염장 꼬시래기
5609,참기름
5609,참깨
5609,스팸
5609,간장장아찌
5607,올리브유
5607,고추
5607,마늘
5607,바지락/모시조개
5607,푸실리파스타
5606,소금
5606,얼음
5606,스프라이트
5606,설탕
5606,귤
5605,깨
5605,참기름
5605,식초
5605,설탕
5605,고추장
5605,사과
5605,양파
5605,깻잎
5605,골뱅이
5605,비빔면
5604,청양고추
5604,대파
5604,마늘
5604,올리고당
5604,고추가루
5604,간장
5604,깻잎
5603,치즈
5603,고추가루
5603,후추
5603,소금
5603,설탕
5603,버터
5603,김치
5602,설탕
5602,미림
5602,간장
5602,계란
5602,양파
5602,마늘
5601,가쓰오부시
5601,미림
5601,간장
5601,메밀면
5600,소금
5600,설탕
5600,청주
5600,미림
5600,간장
5600,후추
5600,소고기
5600,마늘
5600,양파
5599,바질
5599,후추
5599,굴소스
5599,설탕
5599,마늘
5599,피쉬소스
5599,계란
5599,쌀밥
5599,돼지고기
5599,양파
5599,청양고추
5599,홍고추
5599,시금치
5598,마요네즈
5598,식용유
5598,소금
5598,설탕
5598,쯔유
5598,혼다시
5598,맛술
5598,식빵
5598,계란
5597,참기름
5597,마늘
5597,매실청
5597,설탕
5597,식초
5597,고추가루
5597,고추장
5597,당근
5597,미나리
5597,양파
5597,청주
5597,주꾸미
5596,후추
5596,연겨자
5596,후추
5596,청양고추
5596,굴소스
5596,돈까스소스
5596,물엿
5596,고추장
5596,고추가루
5596,쌀밥
5596,대파
5596,식빵
5596,밀가루
5596,계란
5596,돼지고기등심
5595,후추
5595,생강가루
5595,마늘
5595,미림
5595,물엿
5595,백설탕
5595,진간장
5595,고추장
5595,고추가루
5595,사골육수
5595,슬라이스치즈
5595,대파
5595,고구마
5595,떡볶이떡
5595,양파
5595,양배추
5595,닭다리
5594,누텔라
5594,생크림
5594,설탕
5594,코코아파우더
5594,오일
5594,박력분
5594,우유
5594,계란
5593,깨소금
5593,후추
5593,소금
5593,냉면육수
5593,식초
5593,올리고당
5593,설탕
5593,마늘
5593,간장
5593,참기름
5593,배
5593,비빔면
5593,육회용고기
5592,참기름
5592,참깨
5592,식초
5592,국간장
5592,설탕
5592,고추가루
5592,세발나물
5591,참깨
5591,참기름
5591,간장
5591,설탕
5591,후추
5591,소금
5591,당면
5591,양파
5591,당근
5591,시금치
5591,느타리버섯
5591,콩나물
5590,소금
5590,식초
5590,계란
5589,소금
5589,깨
5589,참기름
5589,슬라이스치즈
5589,베이컨
5588,피클
5588,올리고당
5588,설탕
5588,마요네즈
5588,키위드레싱
5588,버터
5588,치즈
5588,계란
5588,양배추
5588,식빵
5587,카레가루
5587,깨
5587,후추
5587,소금
5587,참기름
5587,스팸
5586,양송이
5586,양파
5586,마늘
5586,타임
5586,버터
5586,돼지고기
5584,레몬즙
5584,빨강색소
5584,바닐라액
5584,슈거파우더
5584,계란
5583,통깨
5583,마늘
5583,매실액
5583,식초
5583,올리고당
5583,고추장
5583,고추가루
5583,미림
5583,백설탕
5583,사과
5583,냉면육수
5583,육수
5583,깨소금
5583,계란
5583,양배추
5583,당근
5583,쫄면
5582,후추
5582,소금
5582,양배추
5582,당근
5582,양파
5582,김치
5582,캔옥수수
5582,백설탕
5582,마요네즈
5582,토마토케첩
5582,슬라이스치즈
5582,계란
5582,식빵
5581,부침가루
5581,식용유
5581,고등어자반
5580,쪽파
5580,팽이버섯
5580,콩나물
5580,미더덕
5579,라임
5579,생크림
5579,큐민가루
5579,고추가루
5579,강황가루
5579,생강
5579,마늘
5579,올리브유
5579,청양고추
5579,토마토
5579,양파
5579,요거트
5579,고추가루
5579,강황가루
5579,닭
5577,마늘
5577,새우젓
5577,간장
5577,고추가루
5577,들기름
5577,두부
5577,팽이버섯
5576,김
5576,슬라이스치즈
5576,마요네즈
5576,상추
5576,토마토
5576,떡갈비
5576,모닝빵
5574,식용색소
5574,곤약가루
5574,우유
5574,설탕
5574,곤약가루
5573,후추
5573,소금
5573,느타리버섯
5573,팽이버섯
5573,소고기
5572,설탕
5572,소금
5572,냉동 맵쌀가루
5572,단호박
5572,대추
5572,쑥
5571,슈거파우더
5571,설탕
5571,크림치즈
5571,생크림
5571,식빵
5571,딸기
5569,카레블록
5569,닭다리
5568,튀김가루
5568,쥐포
5568,마요네즈
5568,간장
5568,와사비
5567,꿀
5567,리코타
5567,워터크래스
5567,크림치즈
5567,베이글
5567,딸기
5566,막걸리
5566,딸기
5565,설탕
5565,소금
5565,콩가루
5565,쑥
5565,소금
5565,찹쌀가루
5564,실파
5564,계란
5564,참기름
5564,설탕
5564,고추장
5564,양파
5564,김치
5564,참치
5562,양파
5562,대파
5562,주꾸미
5560,어묵
5560,파
5560,떡볶이 양념
5560,키리모찌
5559,참깨
5559,검은깨
5559,참치
5556,소금
5556,우유
5556,계란
5556,매생이
5555,참기름
5555,주먹밥후레이크
5555,버터
5555,우유
5555,계란
5555,깻잎
5555,콩나물
5555,날치알
5555,삼겹살
5555,주꾸미
5554,깨
5554,설탕
5554,케첩
5554,고추장
5554,마늘
5554,튀김반죽
5554,고기순대
5554,찰순대
5553,후추
5553,소금
5553,페페론치노
5553,면수
5553,마늘
5553,화이트와인
5553,올리브유
5553,달래
5553,바지락/모시조개
5553,스파게티면
5552,후추
5552,소금
5552,해물육수
5552,우유
5552,밀가루
5552,버터
5552,크림육수
5552,말린고추
5552,레몬즙
5552,미림
5552,고추가루
5552,대파
5552,숙주나물
5552,양배추
5552,바지락/모시조개
5552,조개관자
5552,중하새우
5552,꽃게
5552,오징어
5551,계란
5551,미림
5551,대파
5551,양파
5551,명란젓갈
5551,달래
5551,찹쌀
5550,마늘
5550,편마늘
5550,참기름
5550,깨소금
5550,소금
5550,마늘
5550,물엿
5550,설탕
5550,식초
5550,된장
5550,고추가루
5550,고추장
5550,식초
5550,설탕
5550,배즙
5550,깨소금
5550,파
5550,마늘
5550,고추장
5550,된장
5550,후추
5550,깨소금
5550,참기름
5550,설탕
5550,대파
5550,마늘
5550,식초
5550,간장
5549,소금
5549,식초
5549,계란
5548,간장
5548,마요네즈
5548,청양고추
5548,설탕
5548,버터
5548,먹태
5547,마요네즈
5547,돈까스소스
5547,식용유
5547,소금
5547,쪽파
5547,계란
5547,굴소스
5547,마늘
5547,양파
5547,대패삼겹살
5546,참기름
5546,참깨
5546,마늘
5546,매실액
5546,고추가루
5546,까나리액젓
5546,사과
5546,무
5546,배추
5545,식용유
5545,꿀
5545,식용꽃
5545,소금
5545,찹쌀가루
5544,설탕
5544,소금
5544,와사비
5544,마요네즈
5544,우유
5544,마늘
5544,양파
5544,베이컨
5544,떡볶이떡
5543,후추
5543,소금
5543,깨
5543,미나리
5543,삼겹살
5542,초코시럽
5542,시나몬가루
5542,설탕
5542,버터
5542,또띠아
5542,설탕
5542,레몬껍질
5542,크림치즈
5542,딸기
5541,쪽파
5541,미림
5541,간장
5541,버섯
5540,참기름
5540,쪽파
5540,깨
5540,간장
5540,취나물
5540,쌀
5539,간장
5539,참깨
5539,땅콩잼
5539,마요네즈
5539,샐러드채소
5539,두부
5538,대파
5538,양파
5538,편마늘
5538,오돌뼈
5537,와사비
5537,타르타르소스
5537,무순
5537,양파
5537,배합초
5537,생연어
5536,어묵
5536,파
5533,버터
5533,밀가루
5533,후추
5533,육수
5533,우유
5533,김
5533,명란젓갈
5533,대파
5533,소금
5533,밀가루
5527,우동면
5527,어묵
5526,마늘
5526,설탕
5526,버터
5526,대패오징어
5525,당근
5525,대게딱지장
5524,계란
5524,계란간장
5522,파마산치즈가루
5522,백설탕
5522,소금
5522,후추
5522,버터
5522,마늘
5522,말린고추
5522,올리브유
5522,화이트와인
5522,쪽파
5522,모시조개
5522,스파게티면
5518,액젓
5518,간장
5518,마늘
5518,대파
5518,알배추
5518,대패삼겹살
5518,생면
5518,사골육수
5517,통깨
5517,쪽파
5517,갈색설탕
5517,간장
5517,마늘
5517,참기름
5517,식용유
5517,후추
5517,소금
5517,감자전분
5517,브로콜리
5517,양파
5517,당근
5517,소면/라면
5517,소고기등심
5516,참기름
5516,후추
5516,소금
5516,청양고추
5516,대파
5516,당근
5516,양파
5516,마늘
5516,소주
5516,굵은소금
5516,밀가루
5516,닭똥집
5515,참기름
5515,마늘
5515,후추
5515,간장
5515,고추가루
5515,굴소스
5515,표고버섯
5515,대파
5515,콩나물
5515,배춧잎
5515,떡국떡
5514,참깨
5514,참기름
5514,물엿
5514,흑설탕
5514,맛술
5514,간장
5514,연근
5513,참기름
5513,깨소금
5513,고추가루
5513,마늘
5513,파
5513,간장
5513,후추
5513,참기름
5513,파
5513,마늘
5513,설탕
5513,맛술
5513,간장
5513,소고기
5513,콩나물
5513,쌀
5512,식용유
5512,샐러드채소
5512,파인애플
5512,목살
5511,꿀
5511,레몬
5511,얼음
5511,홍차티백
5507,청양고추
5507,쌀엿
5507,고추가루
5507,불닭소스
5507,진간장
5507,대파
5507,당면
5507,어묵
5507,떡볶이떡
5506,스프링클
5506,식용색소
5506,물엿
5506,설탕
5505,홍고추
5505,올리브유
5505,후추
5505,소금
5505,브로콜리
5505,소시지
5504,칠리페퍼
5504,파슬리
5504,마늘
5504,올리브유
5504,후추
5504,소금
5504,링귀니
5504,연어
5503,후추
5503,소금
5503,레몬즙
5503,꿀
5503,연유
5503,크림치즈
5503,허니크림치즈소스
5503,꿀
5503,치즈
5503,체다치즈
5503,또띠아
5502,파마산치즈가루
5502,계란
5502,체다치즈
5502,우유
5502,버터
5502,버터크림소스
5502,바질
5502,파슬리
5502,말린고추
5502,후추
5502,치즈
5502,베이컨
5502,스파게티면
5501,씨겨자
5501,레몬즙
5501,마요네즈
5501,식빵
5501,양상추
5501,당근
5501,사과
5501,게맛살
5500,참기름
5500,후추
5500,굴소스
5500,고추가루
5500,파
5500,마늘
5500,피망
5500,피망
5500,표고버섯
5499,설탕
5499,물엿
5499,간장
5499,소금
5499,피자치즈
5499,전분가루
5499,감자
5498,굴소스
5498,참기름
5498,후추
5498,소금
5498,베이컨
5498,방울양배추
5497,올리브유
5497,페투치니
5497,고추참치
5496,떡볶이떡
5496,사각오뎅
5496,김치
5496,소면/라면
5496,콜라
5496,우유
5495,미소된장
5495,사골육수
5495,표고버섯
5495,연근
5495,대파
5495,양배추
5495,부추
5495,두부
5495,곱창
5494,깨소금
5494,들기름
5494,설탕
5494,마늘
5494,고추가루
5494,간장
5494,쪽파
5494,청양고추
5494,쌀밥
5494,꼬막
5493,소금
5493,설탕
5493,시나몬파우더
5493,튀김가루
5493,사과
5492,젤라틴
5492,레몬즙
5492,설탕
5492,오렌지주스
5492,오렌지
5491,생크림
5491,딸기
5491,식용색소
5491,슈거파우더
5491,아몬드가루
5491,설탕
5491,계란
5490,스위트칠리소스
5490,레몬즙
5490,쪽파
5490,튀김가루
5490,가지
5489,양파
5489,버터
5489,우스터소스
5489,설탕
5489,초콜릿
5489,카레가루
5488,미림
5488,소금
5488,쯔유
5488,쯔유
5488,계란
5488,쪽파
5488,연근
5488,베이컨
5488,표고버섯
5488,당근
5488,우엉
5488,오곡
5488,백미
5488,찹쌀
5487,깨
5487,쪽파
5487,올리브유
5487,주꾸미
5486,캔옥수수
5486,방울토마토
5486,오이
5486,스팸
5486,푸실리파스타면
5485,물엿
5485,바닐라에센스
5485,설탕
5485,버터
5485,우유
5485,생크림
5484,참기름
5484,굴소스
5484,슈레드 피자치즈
5484,김치
5484,잡채
5483,참기름
5483,올리고당
5483,고추장
5483,간장
5483,김치
5483,소면/라면
5483,전분가루
5483,시판 불고기양념
5483,소고기
5482,후추
5482,소금
5482,참기름
5482,마늘
5482,맛술
5482,간장
5482,물엿
5482,설탕
5482,된장
5482,양파
5482,계란
5482,항정살
5481,계란
5481,우유
5481,핫케익가루
5480,계피가루
5480,설탕
5480,계란
5480,우유
5480,핫케익가루
5480,사과
5479,미림
5479,진간장
5479,고추장
5479,참기름
5479,매실액
5479,백설탕
5479,청양고추
5479,고추가루
5479,칵테일새우
5479,만두용 두부
5479,부추
5479,돼지고기
5479,만두피
5478,올리브유
5478,양송이
5478,소고기
5478,양파
5478,당근
5478,초콜릿
5478,고형카레
5477,후추
5477,소금
5477,밀가루
5477,기름
5477,마늘
5477,간장
5477,물엿
5477,설탕
5477,고추장
5476,파슬리
5476,마요네즈
5476,케첩
5476,빵가루
5476,밀가루
5476,계란
5476,소시지
5476,식빵
5475,슈거파우더
5475,민트잎
5475,블루베리
5475,딸기
5475,생크림
5475,바닐라익스트랙
5475,레몬즙
5475,전분
5475,설탕
5475,계란
5474,마늘
5474,바질가루
5474,후추
5474,올리브유
5474,소금
5474,목살
5473,소금
5473,후추
5473,치킨스톡
5473,밀가루
5473,버터
5473,양파
5473,감자
5473,월계수잎
5473,파스타면
5473,닭가슴살
5472,휘핑크림
5472,설탕
5472,포도씨유
5472,계란
5472,바나나우유
5472,바나나킥
5471,백앙금
5471,설탕
5471,올리고당
5471,한천가루
5471,딸기
5469,전분
5469,계란
5469,코코아파우더
5469,젤라틴
5469,물엿
5469,설탕
5468,통깨
5468,고추가루
5468,백설탕
5468,청양고추
5468,참기름
5468,식초
5468,진간장
5468,마늘
5468,백설탕
5468,매실
5468,생강술
5468,후추
5468,참기름
5468,진간장
5468,소금
5468,소고기양념
5468,밀가루
5468,계란
5468,청양고추
5468,양파
5468,당근
5468,소고기(불고기용)
5467,연유
5467,레몬즙
5467,백설탕
5467,딸기
5466,깨
5466,소금
5466,파
5466,마늘
5466,설탕
5466,멸치액젓
5466,고추가루
5466,깨
5466,참기름
5466,마늘
5466,설탕
5466,고추가루
5466,올리고당
5466,식초
5466,고추장
5466,무
5466,차돌박이
5466,소면/라면
5465,다시마육수
5465,간장
5465,설탕
5465,고추가루
5465,고추장
5465,파채
5465,양파
5465,어묵
5465,삼겹살
5465,떡볶이떡
5464,대파
5464,배
5464,사과
5464,오이
5464,피망
5463,다시마
5463,국멸치
5463,바지락/모시조개
5463,고추
5463,양파
5463,당근
5463,애호박
5463,소금
5463,밀가루
5461,소금
5461,맵쌀
5461,찹쌀
5461,모듬콩
5461,팥
5460,새우젓
5460,마늘
5460,버섯
5460,콩나물
5460,황태채
5460,쌀
5459,설탕
5459,키위
5459,포도
5459,오렌지
5459,딸기
5458,후추
5458,설탕
5458,고추가루
5458,커민가루
5458,우스터소스
5458,대파
5458,목살
5458,닭날개
5458,주꾸미
5458,닭다리
5457,식빵
5457,계란
5457,베이컨
5456,휘핑크림
5456,젤라틴
5456,계란
5456,설탕
5456,우유
5456,누텔라
5455,계피가루
5455,물엿
5455,설탕
5455,떡국떡
5454,바게트
5453,버터
5453,후추
5453,소금
5453,피자치즈
5453,블랙타이거새우
5452,계란
5452,올리브유
5452,대파
5452,소면/라면
5452,순두부
5451,팥앙금
5451,버터
5451,치아바타
5450,올리브유
5450,김밥김
5450,참기름
5450,마요네즈
5450,연어캔
5449,참기름
5449,매실액
5449,마늘
5449,고추가루
5449,된장
5449,오이고추
5448,설탕
5448,마요네즈
5448,햄
5448,맛살
5448,오이
5448,감
5448,배
5448,사과
5447,전분물
5447,간장
5447,식초
5447,설탕
5447,파인애플
5447,파프리카
5447,당근
5447,양파
5447,동그랑땡
5446,깨소금
5446,소금
5446,참기름
5446,꼬치전
5446,김밥김
5445,올리브유
5445,잡채
5445,계란
5444,계란
5444,멸치다시마 육수
5444,국간장
5444,고추가루
5444,마늘
5444,김치
5444,청양고추
5444,대파
5444,오징어
5444,콩나물
5443,케첩
5443,파프리카
5443,양파
5443,비엔나소시지
5443,소면/라면
5442,대파
5442,양파
5442,당근
5442,무
5440,양파
5440,건새우
5440,육수멸치
5440,다시마
5440,마늘
5440,소금
5440,홍고추
5440,쑥갓
5440,미나리
5440,두부
5440,콩나물
5440,대파
5440,무
5440,대구
5439,식용유
5439,후추
5439,소금
5439,밀가루
5439,계란
5439,게맛살
5439,느타리버섯
5439,대파
5439,맛술
5439,오징어
5439,돼지고기
5438,슈거파우더
5438,메이플시럽
5438,바나나
5438,딸기
5438,우유
5438,설탕
5438,베이킹파우더
5438,박력분
5438,계란
5437,후추
5437,양파
5437,소금
5437,참기름
5437,간장
5437,간마늘
5437,새송이버섯
5437,떡국떡
5437,소고기
5436,소금
5436,생크림
5436,카라멜
5436,바닐라에센스
5436,연유
5436,다크초콜릿칩
5435,젤라틴
5435,코코아파우더
5435,설탕
5435,생크림
5435,설탕
5435,생크림
5435,카스테라
5435,딸기
5434,코코아파우더
5434,코코아파우더
5434,연유
5433,초콜릿 치즈
5433,바나나
5433,과일통조림
5433,초코송이
5433,크런치초콜릿
5433,마시멜로우
5433,초콜릿
5433,꿀
5433,피자도우
5432,화이트초콜릿
5432,해바라기씨
5432,아몬드
5432,피스타치오
5432,말린 과일
5432,초콜렛 커버춰
5431,계란
5431,밀가루
5431,통깨
5431,후추
5431,참기름
5431,파
5431,마늘
5431,설탕
5431,간장
5431,돼지고기
5431,애호박
5430,후추
5430,소금
5430,소금
5430,버터
5430,우유
5430,계란
5430,오믈렛 소스
5430,소시지
5430,대파
5430,양파
5430,당근
5429,참깨
5429,참기름
5429,물엿
5429,설탕
5429,고추장
5429,건새우
5429,잔멸치
5429,식용유
5428,참깨
5428,식초
5428,마늘
5428,참기름
5428,꿀
5428,고추장
5428,당근
5428,오이
5428,사과
5428,새우살
5428,갑오징어
5427,깻잎
5427,느타리버섯
5427,표고버섯
5427,양송이
5427,닭가슴살
5426,양상추
5426,표고버섯
5426,떡갈비
5426,슬라이스치즈
5426,햄버거빵
5425,레몬즙
5425,올리고당
5425,백설탕
5425,씨겨자
5425,연겨자
5425,찹쌀
5425,후추
5425,올리브유
5425,레몬즙
5425,백설탕
5425,소금
5425,닭
5424,참기름
5424,데침용소금
5424,시금치
5424,깨소금
5424,식용유
5424,소금
5424,대파
5424,마늘
5424,깐도라지
5424,마늘
5424,파
5424,간장
5424,식용유
5424,고사리
5423,코코아파우더
5423,블랙커피믹스
5423,생크림
5423,크림치즈
5423,설탕
5423,계란
5423,홈런볼
5422,마요네즈
5422,설탕
5422,감자
5422,계란
5422,핫도그빵
5420,소금
5420,쪽파
5420,당근
5420,계란
5419,소고기
5419,치즈
5419,후추
5419,소금
5419,토마토소스
5419,바질
5419,토마토
5418,전분
5418,후추
5418,소금
5418,등심
5418,파인애플
5418,당근
5418,양파
5418,설탕
5418,식초
5418,간장
5418,굴소스
5417,다시마
5417,참기름
5417,소금
5417,국간장
5417,마늘
5417,굴
5417,매생이
5417,떡국떡
5416,피자소스
5416,피클
5416,스위트콘
5416,계란
5416,설탕
5416,물엿
5416,마요네즈
5416,키위드레싱
5416,버터
5416,식빵
5415,식용유
5415,식용색소
5415,한천가루
5415,설탕
5414,마요네즈
5414,오이
5414,스팸
5414,감자
5414,베이글
5413,바질가루
5413,후추
5413,소금
5413,마늘
5413,버터
5413,그린홍합
5412,화이트초콜릿
5412,밀크초콜릿
5412,식용유
5412,버터
5412,팝콘옥수수
5411,후추
5411,마늘
5411,참기름
5411,청주
5411,설탕
5411,올리고당
5411,간장
5411,꽈리고추
5411,메추리알
5411,닭가슴살
5410,소금
5410,후추
5410,생강
5410,마늘
5410,맛술
5410,청주
5410,간장
5410,설탕
5410,고추가루
5410,조기
5410,양파
5410,대파
5410,무
5409,간장
5409,후추
5409,소금
5409,파마산치즈가루
5409,우유
5409,생크림
5409,마늘
5409,올리브유
5409,블랙올리브
5409,양송이버섯
5409,베이컨
5409,마늘
5409,숏파스타
5408,통깨
5408,깨소금
5408,백설탕
5408,식초
5408,초고추장
5408,소면/라면
5408,상추
5408,사과
5408,양배추
5408,오이
5408,대파
5408,양파
5408,생닭
5407,맛술
5407,설탕
5407,간장
5407,후추
5407,대파
5407,양파
5407,꽈리고추
5407,마늘
5407,계란
5407,소고기우둔살
5406,계란
5406,슈거파우더
5406,다크초콜릿
5406,코코아파우더
5406,설탕
5406,버터
5406,박력분
5405,쪽파
5405,굴소스
5405,소면/라면
5405,피망
5405,랍스타
5404,치킨너겟
5404,방울토마토
5404,양상추
5403,된장
5403,국물용멸치
5403,다시마
5403,건새우
5403,시금치
5402,식초
5402,백설탕
5402,진간장
5402,양념간장
5402,소금
5402,표고버섯
5402,팽이버섯
5402,당근
5402,청경채
5402,숙주나물
5402,차돌박이
5401,돈까스소스
5401,설탕
5401,간장
5401,쌀밥
5401,대파
5401,계란
5401,양파
5401,돼지고기등심
5401,양파
5401,참치캔
5401,튀김가루
5401,부침가루
5401,김치
5400,식용유
5400,꽃소금
5400,대파
5400,계란
5400,소금
5400,우유
5400,연유
5400,계란
5400,식빵
5399,참기름
5399,깨
5399,마늘
5399,고추가루
5399,간장
5399,들기름
5399,식용유
5399,파
5399,양파
5399,두부
5399,베이킹소다
5399,설탕
5399,레몬즙
5399,오렌지
5398,소금
5398,설탕
5398,춘장
5398,간장
5398,식용유
5398,대파
5398,애호박
5398,양파
5398,양배추
5398,삼겹살
5398,후추
5398,마늘
5398,배
5398,설탕
5398,간장
5398,간장
5398,파프리카
5398,양송이
5398,애호박
5398,당근
5398,양파
5398,소고기(불고기용)
5398,당면
5397,부추
5397,마늘
5397,삼겹살
5397,연유
5397,체다치즈
5397,감자
5396,파마산치즈가루
5396,올리브유
5396,방울토마토
5396,양송이버섯
5396,마늘
5396,스파게티면
5396,후추
5396,미림
5396,물엿
5396,간장
5396,설탕
5396,고추가루
5396,고추장
5396,마요네즈
5396,스위트콘
5396,돼지고기
5395,참기름
5395,설탕
5395,마늘
5395,된장
5395,고추가루
5395,대파
5395,양파
5395,김치
5395,설탕
5395,마늘
5395,간장
5395,고추가루
5395,고추가루
5395,고추장
5395,다시마육수
5395,대파
5395,가래떡
5395,사각어묵
5394,마늘
5394,방울토마토
5394,양송이버섯
5394,소고기등심
5394,케첩
5394,옥수수콘
5394,고추장
5394,돼지고기
5394,햄
5394,양송이버섯
5394,피망
5394,양파
5394,마늘
5394,올리브유
5394,소면/라면
5392,된장
5392,마늘
5392,소금
5392,간장
5392,미역
5392,계란
5392,양배추
5392,양파
5392,후추
5392,청주
5392,돈까스소스
5392,진간장
5392,일식면
5391,식초
5391,간장
5391,고추장
5391,육회
5391,올리브유
5391,후추
5391,소금
5391,쪽파
5391,양파
5391,당근
5391,참치
5391,맛살
5390,건칼국수면
5390,설탕
5390,굴소스
5390,고추가루
5390,마늘
5390,청양고추
5390,대파
5390,양배추
5390,당근
5390,양파
5390,해물믹스
5390,대파
5390,국간장
5390,후추
5390,소금
5390,마늘
5390,무
5390,국거리소고기
5389,마요네즈
5389,식빵
5389,계란
5389,올리브유
5389,쪽파
5389,마늘
5389,양파
5389,새우
5388,깨
5388,어묵
5388,콩나물
5389,마요네즈
5389,식빵
5389,계란
5389,올리브유
5389,쪽파
5389,마늘
5389,양파
5389,새우
5390,건칼국수면
5390,설탕
5390,굴소스
5390,고추가루
5390,마늘
5390,청양고추
5390,대파
5390,양배추
5390,당근
5390,양파
5390,해물믹스
5390,대파
5390,국간장
5390,후추
5390,소금
5390,마늘
5390,무
5390,국거리소고기
5391,식초
5391,간장
5391,고추장
5391,육회
5391,올리브유
5391,후추
5391,소금
5391,쪽파
5391,양파
5391,당근
5391,참치
5391,맛살
5392,된장
5392,마늘
5392,소금
5392,간장
5392,미역
5392,계란
5392,양배추
5392,양파
5392,후추
5392,청주
5392,돈까스소스
5392,진간장
5392,일식면
5393,올리브유
5393,우유
5393,파슬리
5393,토마토
5393,로메인
5393,양파
5393,닭가슴살
5394,마늘
5394,방울토마토
5394,양송이버섯
5394,소고기등심
5394,케첩
5394,옥수수콘
5394,고추장
5394,돼지고기
5394,햄
5394,양송이버섯
5394,피망
5394,양파
5394,마늘
5394,올리브유
5394,소면/라면
5395,참기름
5395,설탕
5395,마늘
5395,된장
5395,고추가루
5395,대파
5395,양파
5395,김치
5395,설탕
5395,마늘
5395,간장
5395,고추가루
5395,고추가루
5395,고추장
5395,다시마육수
5395,대파
5395,가래떡
5395,사각어묵
5396,파마산치즈가루
5396,올리브유
5396,방울토마토
5396,양송이버섯
5396,마늘
5396,스파게티면
5396,후추
5396,미림
5396,물엿
5396,간장
5396,설탕
5396,고추가루
5396,고추장
5396,마요네즈
5396,스위트콘
5396,돼지고기
5397,부추
5397,마늘
5397,삼겹살
5397,연유
5397,체다치즈
5397,감자
5398,소금
5398,설탕
5398,춘장
5398,간장
5398,식용유
5398,대파
5398,애호박
5398,양파
5398,양배추
5398,삼겹살
5398,후추
5398,마늘
5398,배
5398,설탕
5398,간장
5398,간장
5398,파프리카
5398,양송이
5398,애호박
5398,당근
5398,양파
5398,소고기(불고기용)
5398,당면
5399,참기름
5399,깨
5399,마늘
5399,고추가루
5399,간장
5399,들기름
5399,식용유
5399,파
5399,양파
5399,두부
5399,베이킹소다
5399,설탕
5399,레몬즙
5399,오렌지
5400,식용유
5400,꽃소금
5400,대파
5400,계란
5400,소금
5400,우유
5400,연유
5400,계란
5400,식빵
5401,돈까스소스
5401,설탕
5401,간장
5401,쌀밥
5401,대파
5401,계란
5401,양파
5401,돼지고기등심
5401,양파
5401,참치캔
5401,튀김가루
5401,부침가루
5401,김치